{
	"format_version": "1.8.0",
	"animations": {
		"animation.apo.idle": {
			"loop": true,
			"animation_length": 2.6667,
			"bones": {
				"waist": {
					"position": {
						"0.0": [0, -3.75, 0],
						"2.6667": [0, -3.75, 0]
					},
					"scale": {
						"0.0": [0.7, 0.7, 0.7],
						"2.6667": [0.7, 0.7, 0.7]
					}
				},
				"body": {
					"rotation": {
						"0.0": [0, 0, 0],
						"0.7917": [0.81291, 0.00005, 0.73241],
						"1.1667": [4.88219, 0.00008, 1.07934],
						"1.875": [-0.11781, 0.00008, 1.07934],
						"2.25": [4.88219, 0.00008, 1.07934],
						"2.6667": [0, 0, 0]
					},
					"position": {
						"0.0": [0, 0, 0],
						"0.6667": [0, 1, 0],
						"1.1667": [0, 0, 0],
						"1.875": [0, 1, 0],
						"2.25": [0, 0, 0],
						"2.6667": [0, 0, 0]
					}
				},
				"rightArm": {
					"rotation": {
						"0.0": [-77.5, 0, 0],
						"0.5417": [-90, 10, 0],
						"0.9583": [-79.37526, -4.82866, -2.30659],
						"1.3333": [-83.69234, 12.86655, 1.38889],
						"1.9583": [-68.71046, -1.96295, -2.85116],
						"2.3333": [-75.46278, 7.69451, 0.32992],
						"2.6667": [-77.5, 0, 0]
					}
				},
				"leftArm": {
					"rotation": {
						"0.0": [-80, 0, 0],
						"0.5417": [-74.77926, -9.65594, -2.61298],
						"0.9583": [-63.71831, 0.08189, -0.15263],
						"1.3333": [-82.34076, -15.99622, -1.82041],
						"1.9583": [-69.03984, 4.86757, 4.3406],
						"2.3333": [-79.45589, -7.48628, 1.43316],
						"2.6667": [-80, 0, 0]
					}
				},
				"rightLeg": {
					"rotation": {
						"0.0": [0, 0, 0],
						"1.1667": [30, 0, 0],
						"1.875": [-27.5, 0, 0],
						"2.6667": [0, 0, 0]
					},
					"position": {
						"0.0": [0, 0, 0],
						"1.1667": [0, 0, 1],
						"1.875": [0, 1, -2],
						"2.25": [0, -0.25, -2],
						"2.6667": [0, 0, 0]
					}
				},
				"leftLeg": {
					"rotation": {
						"0.0": [0, 0, 0],
						"1.1667": [-27.5, 0, 0],
						"1.875": [30, 0, 0],
						"2.0417": [35.93, 0, 0],
						"2.6667": [0, 0, 0]
					},
					"position": {
						"0.0": [0, 0, 0],
						"0.7917": [0, 1, -2],
						"1.1667": [0, 0, -2],
						"1.875": [0, 0, 1],
						"2.5417": [0, 0, 0.16],
						"2.6667": [0, 0, 0]
					}
				},
				"bone": {
					"scale": {
						"0.0": [0.7, 0.7, 0.7],
						"2.6667": [0.7, 0.7, 0.7]
					}
				}
			}
		}
	}
}