{
	"format_version": "1.8.0",
	"animations": {
		"animation.emoji.new": {
			"loop": true,
			"animation_length": 4.2083,
			"bones": {
				"bone13": {
					"rotation": {
						"0.0": [9.37836, -20.334, -21.29268],
						"0.2083": [23.2473, -15.30327, -41.60852],
						"0.375": [-0.54586, -52.39257, 45.11578],
						"0.9167": [-19.34052, 5.6139, -28.83306],
						"1.1667": [-0.35473, 20.10582, 44.5614],
						"1.5": [67.54296, 5.36092, -36.97407],
						"1.6667": [1.93961, -67.633, 53.14018],
						"4.2083": [9.37836, -20.334, -21.29268]
					},
					"position": {
						"0.0": [0, 0, 0],
						"0.9167": [-3, 0, 1],
						"1.1667": [3, -1, 1],
						"1.5": [1, -1, 1],
						"1.625": [10, 3, 4],
						"4.2083": [0, 0, 0]
					}
				},
				"bone14": {
					"rotation": {
						"0.0": [-37.67629, -13.34235, 17.92407],
						"0.2083": [-34.63771, -2.88489, 32.09869],
						"0.375": [-37.37703, -39.5215, -5.45582],
						"0.4583": [-22.68399, -30.40185, 9.53587],
						"0.9167": [30.8361, -8.79023, 27.44892],
						"1.1667": [140.45805, 80.11351, 93.08691],
						"1.5": [-5.15207, 9.17711, -5.93936],
						"1.5417": [-12.13874, -13.77132, -6.42706],
						"1.6667": [-26.30965, -47.37432, 43.75148],
						"1.7917": [-61.26139, 63.17002, 83.80301],
						"1.9583": [-91.26139, 63.17002, 83.80301],
						"2.0": [-94.77992, 83.15202, 80.18267],
						"2.4583": [-94.77992, 83.15202, 80.18267],
						"2.5833": [-91.26139, 63.17002, 83.80301],
						"2.625": [-86.26139, 63.17002, 83.80301],
						"2.7083": [-101.26139, 63.17002, 83.80301],
						"2.75": [-88.76139, 63.17002, 83.80301],
						"3.25": [-155.75101, -30.72377, 159.94867],
						"4.2083": [-37.67629, -13.34235, 17.92407]
					},
					"position": {
						"0.0": [0, 0, 0],
						"0.375": [-2, 0, -1],
						"0.9167": [0, 0, -1],
						"1.1667": [3, 0, -1],
						"1.5": [3, -1, 0],
						"1.5417": [3, -1, -1],
						"1.6667": [3, 0, -1],
						"1.8333": [9.67, 4.33, 15],
						"2.0": [9.67, -5.67, 15],
						"2.4583": [9.67, -5.67, 15],
						"2.5417": [9.67, -3.67, 15],
						"2.5833": [9.17, -4.17, 15],
						"2.625": [8.67, -1.67, 15],
						"2.7083": [9.67, -1.67, 15],
						"2.75": [7.67, 4.33, 15],
						"2.8333": [7.67, 12.33, 15],
						"2.9167": [7.67, 16.33, 15],
						"3.6667": [7.67, -3.67, 15],
						"4.2083": [0, 0, 0]
					}
				}
			}
		}
	}
}